name	page	os_versions	header	link_library	catalog
IAS_QUERY	ms890331(v=msdn.10)	Windows CE 2.0 and later.	Af_irda.h		catalog-windows-ce-50.tsv
IAS_SET	ms890332(v=msdn.10)	Windows CE 2.0 and later.	Af_irda.h		catalog-windows-ce-50.tsv
HCI_EstablishDeviceContext	ms890317(v=msdn.10)	Windows CE .NET 4.0 and later.	Bt_hcip.h	Btd.lib	catalog-windows-ce-50.tsv
ADDCONNECT_DLGPARAMS	aa452847(v=msdn.10)	Windows CE 2.10 and later.	Netui.h		catalog-windows-ce-50.tsv
ConnectionDialog	ms908147(v=msdn.10)	Windows CE 2.10 and later.	Netui.h	Netui.lib	catalog-windows-ce-50.tsv
GETDRIVERNAMEPARMS	ms929239(v=msdn.10)	Windows CE 2.10 and later.	Netui.h		catalog-windows-ce-50.tsv
GetDriverName	ms929238(v=msdn.10)	Windows CE 2.10 and later.	Netui.h	Netui.lib	catalog-windows-ce-50.tsv
GetNewPasswordEx	aa453144(v=msdn.10)	Windows CE 5.0 and later.	Netui.h	Netui.lib	catalog-windows-ce-50.tsv
GetResourcePassword	aa453158(v=msdn.10)	Windows CE 2.10 and later.	Netui.h	Netui.lib	catalog-windows-ce-50.tsv
GetUsernamePassword	aa453176(v=msdn.10)	Windows CE 2.10 and later.	Netui.h	Netui.lib	catalog-windows-ce-50.tsv
GetUsernamePasswordEx	aa453177(v=msdn.10)	Windows CE 5.0.	Netui.h	Netui.lib	catalog-windows-ce-50.tsv
LineConfigEdit	aa453295(v=msdn.10)	Windows CE 2.10 and later.	Netui.h	Netui.lib	catalog-windows-ce-50.tsv
NETUI_RESPWD	ms931465(v=msdn.10)	Windows CE 2.10 and later.	Netui.h		catalog-windows-ce-50.tsv
NETUI_USERPWD	ms931466(v=msdn.10)	Windows CE 2.10 and later.	Netui.h		catalog-windows-ce-50.tsv
CeNotifyPrivate_TranslateOID	ms908090(v=msdn.10)	Windows CE 2.10 and later.	Notifext.hxx		catalog-windows-ce-50.tsv
CeNotifyPublic_DisposeOfPacket	ms908092(v=msdn.10)	Windows CE 2.10 and later.	Notifext.hxx		catalog-windows-ce-50.tsv
CeNotifyPublic_InitializeUI	ms908100(v=msdn.10)	Windows CE 5.0 and later.	Notifext.hxx		catalog-windows-ce-50.tsv
CeNotifyPublic_UIWndProc	ms908098(v=msdn.10)	Windows CE 2.10 and later.	Notifext.hxx		catalog-windows-ce-50.tsv
CeNotifyPublic_Uninitialize	ms908101(v=msdn.10)	Windows CE 5.0 and later.	Notifext.hxx		catalog-windows-ce-50.tsv
NotifyPacket	ms911890(v=msdn.10)	Windows CE 2.10 and later.	Notifext.hxx		catalog-windows-ce-50.tsv
PersistentPacket	ms911929(v=msdn.10)	Windows CE 2.10 and later.	Notifext.hxx		catalog-windows-ce-50.tsv
GetPasswordStatus	ms891004(v=msdn.10)	Windows CE .NET 4.0 and later.	Pwinbase.h	Coredll.lib	catalog-windows-ce-50.tsv
SetPasswordStatus	ms891976(v=msdn.10)	Windows CE .NET 4.0 and later.	Pwinbase.h	Coredll.lib	catalog-windows-ce-50.tsv
RasFreeBuffer	aa450841(v=msdn.10)	Windows CE .NET 4.0 and later.	Ras.h	Ppp.lib	catalog-windows-ce-50.tsv
RasGetBuffer	aa450842(v=msdn.10)	Windows CE .NET 4.0 and later.	Ras.h	Ppp.lib	catalog-windows-ce-50.tsv
RasGetDispPhoneNum	aa450844(v=msdn.10)	Windows CE .NET 4.0 and later.	Ras.h	Coredll.lib	catalog-windows-ce-50.tsv
RasReceiveBuffer	aa450857(v=msdn.10)	Windows CE .NET 4.0 and later.	Ras.h	Ppp.lib	catalog-windows-ce-50.tsv
RasRetrieveBuffer	aa450859(v=msdn.10)	Windows CE .NET 4.0 and later.	Ras.h	Ppp.lib	catalog-windows-ce-50.tsv
RasSendBuffer	aa450860(v=msdn.10)	Windows CE .NET 4.0 and later.	Ras.h	Ppp.lib	catalog-windows-ce-50.tsv
Startup_DlgProc	ms940352(v=msdn.10)	Windows CE 2.10 and later.	Startui.h		catalog-windows-ce-50.tsv
Startup_PowerOffWhileStartupActiveNotification	ms940354(v=msdn.10)	Windows CE 2.10 and later.	Startui.h		catalog-windows-ce-50.tsv
LINE_APPNEWCALL	ms893401(v=msdn.10)	Windows CE 3.0 and later.	Tapi.h		catalog-windows-ce-50.tsv
LINE_GATHERDIGITS	ms894150(v=msdn.10)	Windows CE 3.0 and later.	Tapi.h		catalog-windows-ce-50.tsv
LINE_REPLY	ms894459(v=msdn.10)	Windows CE 1.0 and later.	Tapi.h		catalog-windows-ce-50.tsv
PHONE_REPLY	ms895989(v=msdn.10)	Windows CE 3.0 and later.	Tapi.h		catalog-windows-ce-50.tsv
STRINGFORMAT	aa450964(v=msdn.10)	Windows CE 3.0 and later.	Tapi.h		catalog-windows-ce-50.tsv
UNIMODEM_INFO	aa451136(v=msdn.10)	Windows CE .NET 4.0 and later.	Unimodem.h		catalog-windows-ce-50.tsv
RequestDeviceNotifications	ms919831(v=msdn.10)	Windows CE .NET 4.0 and later.	Winbase.h	Coredll.lib	catalog-windows-ce-50.tsv
StopDeviceNotifications	aa448147(v=msdn.10)	Windows CE .NET 4.0 and later.	Winbase.h	Coredll.lib	catalog-windows-ce-50.tsv
CTL_CODE	ms904001(v=msdn.10)	Windows CE .NET 4.0 and later.	Windev.h		catalog-windows-ce-50.tsv
MAKEINTATOM	aa453541(v=msdn.10)	Windows CE .NET 4.0 and later.	Windows.h		catalog-windows-ce-50.tsv
PALETTEINDEX2BPP	ms911914(v=msdn.10)	Windows CE 1.0 and later.	Windows.h		catalog-windows-ce-50.tsv
PERF_COUNTER_BLOCK	ms894451(v=msdn.10)	Windows CE .NET 4.0 and later.	Windows.h		catalog-windows-ce-50.tsv
PERF_COUNTER_DEFINITION	ms894453(v=msdn.10)	Windows CE .NET 4.0 and later.	Windows.h		catalog-windows-ce-50.tsv
PERF_DATA_BLOCK	ms894455(v=msdn.10)	Windows CE .NET 4.0 and later.	Windows.h		catalog-windows-ce-50.tsv
PERF_INSTANCE_DEFINITION	ms894456(v=msdn.10)	Windows CE .NET 4.0 and later.	Windows.h		catalog-windows-ce-50.tsv
PERF_OBJECT_TYPE	ms894458(v=msdn.10)	Windows CE .NET 4.0 and later.	Windows.h		catalog-windows-ce-50.tsv
WM_MBUTTONDOWN	aa453881(v=msdn.10)	Windows CE .NET 4.0 and later.	Windows.h	Coredll.lib	catalog-windows-ce-50.tsv
WM_MBUTTONUP	aa453882(v=msdn.10)	Windows CE .NET 4.0 and later.	Windows.h	Coredll.lib	catalog-windows-ce-50.tsv
WM_MOUSEWHEEL	aa453886(v=msdn.10)	Windows CE .NET 4.0 and later.	Windows.h	Coredll.lib	catalog-windows-ce-50.tsv
IMAGE_DATA_DIRECTORY	ms904424(v=msdn.10)	Windows CE 2.10 and later.	Winnt.h		catalog-windows-ce-50.tsv
SOCKADDR_IRDA	aa450950(v=msdn.10)	Windows CE .NET 4.0 and later.	Winsock2.h		catalog-windows-ce-50.tsv
DEVICELIST	ms900471(v=msdn.10)	Windows CE 1.0 and later.	af_irda.h		catalog-windows-ce-50.tsv
IRDA_DEVICE_INFO	aa450461(v=msdn.10)	Windows CE 1.0 and later.	af_irda.h		catalog-windows-ce-50.tsv
_InterlockedCompareExchange	ms933769(v=msdn.10)		winbase.h		catalog-windows-ce-50.tsv
_InterlockedDecrement	ms933770(v=msdn.10)		winbase.h		catalog-windows-ce-50.tsv
_InterlockedExchange	ms933771(v=msdn.10)		winbase.h		catalog-windows-ce-50.tsv
_InterlockedExchangeAdd	ms933772(v=msdn.10)		winbase.h		catalog-windows-ce-50.tsv
_InterlockedIncrement	ms933773(v=msdn.10)		winbase.h		catalog-windows-ce-50.tsv
PDATA_EH	ms940765(v=msdn.10)	Windows CE .NET 4.0 and later.	winnt.h		catalog-windows-ce-50.tsv
_IMAGE_ALPHA_RUNTIME_FUNCTION_ENTRY	ms940731(v=msdn.10)	Windows CE .NET 4.0 and later.	winnt.h		catalog-windows-ce-50.tsv
_IMAGE_CE_RUNTIME_FUNCTION_ENTRY	ms940664(v=msdn.10)	Windows CE .NET 4.0 and later.	winnt.h		catalog-windows-ce-50.tsv
__emul	ms933264(v=msdn.10)		winnt.h		catalog-windows-ce-50.tsv
__emulu	ms933268(v=msdn.10)		winnt.h		catalog-windows-ce-50.tsv
__ll_lshift	ms940753(v=msdn.10)		winnt.h		catalog-windows-ce-50.tsv
__ll_rshift	ms940754(v=msdn.10)		winnt.h		catalog-windows-ce-50.tsv
__ull_rshift	ms933753(v=msdn.10)		winnt.h		catalog-windows-ce-50.tsv
