# name	page_ids	header	status	note
ACMDM_DRIVER_ABOUT	ms895512	Msacmdrv.h	held	no official value published; R1 check not yet run (held per policy v3 §5)
ACMDM_DRIVER_DETAILS	ms895966	Msacmdrv.h	held	no official value published; R1 check not yet run (held per policy v3 §5)
ACMDM_DRIVER_NOTIFY	ms895983	Msacmdrv.h	held	no official value published; R1 check not yet run (held per policy v3 §5)
ACMDM_FILTERTAG_DETAILS	ms896077	Msacmdrv.h	held	no official value published; R1 check not yet run (held per policy v3 §5)
ACMDM_FILTER_DETAILS	ms896075	Msacmdrv.h	held	no official value published; R1 check not yet run (held per policy v3 §5)
ACMDM_FORMATTAG_DETAILS	ms896080	Msacmdrv.h	held	no official value published; R1 check not yet run (held per policy v3 §5)
ACMDM_FORMAT_DETAILS	ms896078	Msacmdrv.h	held	no official value published; R1 check not yet run (held per policy v3 §5)
ACMDM_FORMAT_SUGGEST	ms896079	Msacmdrv.h	held	no official value published; R1 check not yet run (held per policy v3 §5)
ACMDM_HARDWARE_WAVE_CAPS_INPUT	ms896081	Msacmdrv.h	held	no official value published; R1 check not yet run (held per policy v3 §5)
ACMDM_HARDWARE_WAVE_CAPS_OUTPUT	ms896082	Msacmdrv.h	held	no official value published; R1 check not yet run (held per policy v3 §5)
ACMDM_STREAM_CLOSE	ms896083	Msacmdrv.h	held	no official value published; R1 check not yet run (held per policy v3 §5)
ACMDM_STREAM_CONVERT	ms896084	Msacmdrv.h	held	no official value published; R1 check not yet run (held per policy v3 §5)
ACMDM_STREAM_OPEN	ms896085	Msacmdrv.h	held	no official value published; R1 check not yet run (held per policy v3 §5)
ACMDM_STREAM_PREPARE	ms896086	Msacmdrv.h	held	no official value published; R1 check not yet run (held per policy v3 §5)
ACMDM_STREAM_RESET	ms896087	Msacmdrv.h	held	no official value published; R1 check not yet run (held per policy v3 §5)
ACMDM_STREAM_SIZE	ms896088	Msacmdrv.h	held	no official value published; R1 check not yet run (held per policy v3 §5)
ACMDM_STREAM_UNPREPARE	ms896089	Msacmdrv.h	held	no official value published; R1 check not yet run (held per policy v3 §5)
AVC_VCR_CMD_ANALOG_AUDIO_OUTPUT_MODE	ms896116	Avc_vcr.h	held	no official value published; R1 check not yet run (held per policy v3 §5)
AVC_VCR_CMD_INPUT_SIGNAL_MODE	ms896117	Avc_vcr.h	held	no official value published; R1 check not yet run (held per policy v3 §5)
AVC_VCR_CMD_LOAD_MEDIUM	ms896118	Avc_vcr.h	held	no official value published; R1 check not yet run (held per policy v3 §5)
AVC_VCR_CMD_MEDIUM_INFO	ms896119	Avc_vcr.h	held	no official value published; R1 check not yet run (held per policy v3 §5)
AVC_VCR_CMD_OUTPUT_SIGNAL_MODE	ms896120	Avc_vcr.h	held	no official value published; R1 check not yet run (held per policy v3 §5)
AVC_VCR_CMD_PLAY	ms896121	Avc_vcr.h	held	no official value published; R1 check not yet run (held per policy v3 §5)
AVC_VCR_CMD_RECORD	ms896122	Avc_vcr.h	held	no official value published; R1 check not yet run (held per policy v3 §5)
AVC_VCR_CMD_RECORDING_DATE	ms896123	Avc_vcr.h	held	no official value published; R1 check not yet run (held per policy v3 §5)
AVC_VCR_CMD_RECORDING_SPEED	ms896124	Avc_vcr.h	held	no official value published; R1 check not yet run (held per policy v3 §5)
AVC_VCR_CMD_RECORDING_TIME	ms896125	Avc_vcr.h	held	no official value published; R1 check not yet run (held per policy v3 §5)
AVC_VCR_CMD_RELATIVE_TIME_COUNTER	ms896126	Avc_vcr.h	held	no official value published; R1 check not yet run (held per policy v3 §5)
AVC_VCR_CMD_TIME_CODE	ms896127	Avc_vcr.h	held	no official value published; R1 check not yet run (held per policy v3 §5)
AVC_VCR_CMD_TRANSPORT_STATE	ms896128	Avc_vcr.h	held	no official value published; R1 check not yet run (held per policy v3 §5)
AVC_VCR_CMD_WIND	ms896129	Avc_vcr.h	held	no official value published; R1 check not yet run (held per policy v3 §5)
CEDB_FIND_DATA	aa513341	Rapi.h	held	no official value published; R1 check not yet run (held per policy v3 §5)
CEL_MODULE_FREE	aa450817	Celog.h	held	no official value published; R1 check not yet run (held per policy v3 §5)
CEL_MODULE_LOAD	aa450818	Celog.h	held	no official value published; R1 check not yet run (held per policy v3 §5)
CEL_MUTEX_RELEASE	aa450822	Celog.h	held	no official value published; R1 check not yet run (held per policy v3 §5)
CEL_SYSTEM_INVERT	ms885128	Celog.h	held	no official value published; R1 check not yet run (held per policy v3 §5)
CEL_SYSTEM_PAGE	ms885129	Celog.h	held	no official value published; R1 check not yet run (held per policy v3 §5)
CEL_SYSTEM_TLB	ms885130	Celog.h	held	no official value published; R1 check not yet run (held per policy v3 §5)
CEL_THREAD_MIGRATE	ms885134	Celog.h	held	no official value published; R1 check not yet run (held per policy v3 §5)
CEL_THREAD_PRIORITY	ms885135	Celog.h	held	no official value published; R1 check not yet run (held per policy v3 §5)
CEL_THREAD_QUANTUM	ms885136	Celog.h	held	no official value published; R1 check not yet run (held per policy v3 §5)
CEProcessorType	ms905418	Nkarm.h	held	no official value published; R1 check not yet run (held per policy v3 §5)
CONFIG_DATA_	ms909304	Voipconfigurationdatastore.h	held	no official value published; R1 check not yet run (held per policy v3 §5)
D3DMTSS_TEXTURE	aa447708	D3dmddk.h	held	no official value published; R1 check not yet run (held per policy v3 §5)
D3DM_DLL_ENTRY	aa447725	D3dmddk.h	held	no official value published; R1 check not yet run (held per policy v3 §5)
DCRP_VALID_	ms909305	Voipmanager.h	held	no official value published; R1 check not yet run (held per policy v3 §5)
DMSDLINFO	ms895034	Devmgmt.h	held	no official value published; R1 check not yet run (held per policy v3 §5)
DMSINVPKGID	ms895037	Devmgmt.h	held	no official value published; R1 check not yet run (held per policy v3 §5)
EnumCalendarInfoProc	ms904722	Winnls.h	held	no official value published; R1 check not yet run (held per policy v3 §5)
EnumDateFormatsProc	ms904740	Winnls.h	held	no official value published; R1 check not yet run (held per policy v3 §5)
EnumLocalesProc	ms904848	Winnls.h	held	no official value published; R1 check not yet run (held per policy v3 §5)
EnumTimeFormatsProc	ms905083	Winnls.h	held	no official value published; R1 check not yet run (held per policy v3 §5)
ExchangeClientRequestStatus	aa514944	IExchangeClient.h	held	no official value published; R1 check not yet run (held per policy v3 §5)
ExchangeClientRequestType	aa514947	IExchangeClient.h	held	no official value published; R1 check not yet run (held per policy v3 §5)
GetObjTypeInfo	aa513866	Cesync.h	held	no official value published; R1 check not yet run (held per policy v3 §5)
HREPLFLD	aa513869	Cesync.h	held	no official value published; R1 check not yet run (held per policy v3 §5)
HREPLITEM	aa513871	Cesync.h	held	no official value published; R1 check not yet run (held per policy v3 §5)
HREPLOBJ	aa513872	Cesync.h	held	no official value published; R1 check not yet run (held per policy v3 §5)
IMC_GETCONVERSIONMODE	ms905959	Imm.h	held	no official value published; R1 check not yet run (held per policy v3 §5)
IMC_GETOPENSTATUS	ms905960	Imm.h	held	no official value published; R1 check not yet run (held per policy v3 §5)
IMC_GETSENTENCEMODE	ms905961	Imm.h	held	no official value published; R1 check not yet run (held per policy v3 §5)
IMC_SETCONVERSIONMODE	ms905968	Imm.h	held	no official value published; R1 check not yet run (held per policy v3 §5)
IMC_SETOPENSTATUS	ms905969	Imm.h	held	no official value published; R1 check not yet run (held per policy v3 §5)
IMC_SETSENTENCEMODE	ms905970	Imm.h	held	no official value published; R1 check not yet run (held per policy v3 §5)
IMR_CANDIDATEFORM	ms906055	Imm.h	held	no official value published; R1 check not yet run (held per policy v3 §5)
IMR_COMPOSITIONFONT	ms906056	Imm.h	held	no official value published; R1 check not yet run (held per policy v3 §5)
IMR_COMPOSITIONFORM	ms906147	Imm.h	held	no official value published; R1 check not yet run (held per policy v3 §5)
IMR_CONFIRMRECONVERTSTRING	ms906166	Imm.h	held	no official value published; R1 check not yet run (held per policy v3 §5)
IMR_DOCUMENTFEED	ms906175	Imm.h	held	no official value published; R1 check not yet run (held per policy v3 §5)
IOCTL_AG_CLOSE_AUDIO	ms891134	Btagpub.h	held	no official value published; R1 check not yet run (held per policy v3 §5)
IOCTL_AG_CLOSE_CONTROL	ms891136	Btagpub.h	held	no official value published; R1 check not yet run (held per policy v3 §5)
IOCTL_AG_GET_MIC_VOL	ms891138	Btagpub.h	held	no official value published; R1 check not yet run (held per policy v3 §5)
IOCTL_AG_GET_SPEAKER_VOL	ms891142	Btagpub.h	held	no official value published; R1 check not yet run (held per policy v3 §5)
IOCTL_AG_OPEN_AUDIO	ms891145	Btagpub.h	held	no official value published; R1 check not yet run (held per policy v3 §5)
IOCTL_AG_OPEN_CONTROL	ms891147	Btagpub.h	held	no official value published; R1 check not yet run (held per policy v3 §5)
IOCTL_AG_SET_MIC_VOL	ms891150	Btagpub.h	held	no official value published; R1 check not yet run (held per policy v3 §5)
IOCTL_AG_SET_SPEAKER_VOL	ms891153	Btagpub.h	held	no official value published; R1 check not yet run (held per policy v3 §5)
IOCTL_CDROM_DISC_INFO	ms901375	Cdioctl.h	held	no official value published; R1 check not yet run (held per policy v3 §5)
IOCTL_CDROM_EJECT_MEDIA	ms901376	Cdioctl.h	held	no official value published; R1 check not yet run (held per policy v3 §5)
IOCTL_CDROM_GET_SENSE_DATA	ms901377	Cdioctl.h	held	no official value published; R1 check not yet run (held per policy v3 §5)
IOCTL_CDROM_ISSUE_INQUIRY	ms901378	Cdioctl.h	held	no official value published; R1 check not yet run (held per policy v3 §5)
IOCTL_CDROM_READ_SG	ms901381	Cdioctl.h	held	no official value published; R1 check not yet run (held per policy v3 §5)
IOCTL_CDROM_TEST_UNIT_READY	ms901386	Cdioctl.h	held	no official value published; R1 check not yet run (held per policy v3 §5)
IOCTL_DISK_DEVICE_INFO	ms901388	Diskio.h	held	no official value published; R1 check not yet run (held per policy v3 §5)
IOCTL_DISK_FORMAT_MEDIA	ms901389	Diskio.h	held	no official value published; R1 check not yet run (held per policy v3 §5)
IOCTL_DISK_GETINFO	ms901390	Diskio.h	held	no official value published; R1 check not yet run (held per policy v3 §5)
IOCTL_DISK_GETNAME	ms901391	Diskio.h	held	no official value published; R1 check not yet run (held per policy v3 §5)
IOCTL_DISK_GET_STORAGEID	ms901392	Diskio.h	held	no official value published; R1 check not yet run (held per policy v3 §5)
IOCTL_DISK_READ	ms901393	Diskio.h	held	no official value published; R1 check not yet run (held per policy v3 §5)
IOCTL_DISK_SECURE_WIPE	aa448310	Diskio.h	held	no official value published; R1 check not yet run (held per policy v3 §5)
IOCTL_DISK_SETINFO	ms901394	Diskio.h	held	no official value published; R1 check not yet run (held per policy v3 §5)
IOCTL_DISK_WRITE	ms901395	Diskio.h	held	no official value published; R1 check not yet run (held per policy v3 §5)
IOCTL_SERIAL_DISABLE_IR	ms901422	Pegdser.h	held	no official value published; R1 check not yet run (held per policy v3 §5)
IOCTL_SERIAL_ENABLE_IR	ms901423	Pegdser.h	held	no official value published; R1 check not yet run (held per policy v3 §5)
IOCTL_SERIAL_GET_DCB	ms901425	Pegdser.h	held	no official value published; R1 check not yet run (held per policy v3 §5)
IOCTL_SERIAL_SET_DCB	ms901434	Pegdser.h	held	no official value published; R1 check not yet run (held per policy v3 §5)
IOCTL_SERVICE_PRX_SIGNAL_FILTER	ms891164	Webproxy.h	held	no official value published; R1 check not yet run (held per policy v3 §5)
IOCTL_SMARTCARD_CANCEL_BLOCKING	ms901443	Winsmcrd.h	held	no official value published; R1 check not yet run (held per policy v3 §5)
IOCTL_SMARTCARD_EJECT	ms901445	Winsmcrd.h	held	no official value published; R1 check not yet run (held per policy v3 §5)
IOCTL_SMARTCARD_GET_ATTRIBUTE	ms901446	Winsmcrd.h	held	no official value published; R1 check not yet run (held per policy v3 §5)
IOCTL_SMARTCARD_GET_STATE	ms901447	Winsmcrd.h	held	no official value published; R1 check not yet run (held per policy v3 §5)
IOCTL_SMARTCARD_IS_ABSENT	ms901448	Winsmcrd.h	held	no official value published; R1 check not yet run (held per policy v3 §5)
IOCTL_SMARTCARD_IS_PRESENT	ms901449	Winsmcrd.h	held	no official value published; R1 check not yet run (held per policy v3 §5)
IOCTL_SMARTCARD_POWER	ms901650	Winsmcrd.h	held	no official value published; R1 check not yet run (held per policy v3 §5)
IOCTL_SMARTCARD_SET_ATTRIBUTE	ms901722	Winsmcrd.h	held	no official value published; R1 check not yet run (held per policy v3 §5)
IOCTL_SMARTCARD_SET_PROTOCOL	ms901833	Winsmcrd.h	held	no official value published; R1 check not yet run (held per policy v3 §5)
IOCTL_SMARTCARD_SWALLOW	ms901842	Winsmcrd.h	held	no official value published; R1 check not yet run (held per policy v3 §5)
IOCTL_SMARTCARD_TRANSMIT	ms901848	Winsmcrd.h	held	no official value published; R1 check not yet run (held per policy v3 §5)
IOCTL_STREAM_ATTACH_BUFFER	ms901860	Avc_stream.h	held	no official value published; R1 check not yet run (held per policy v3 §5)
IOCTL_STREAM_CREATE_LOCAL_PLUG	ms901875	Avc_stream.h	held	no official value published; R1 check not yet run (held per policy v3 §5)
IOCTL_STREAM_DELETE_LOCAL_PLUG	ms901884	Avc_stream.h	held	no official value published; R1 check not yet run (held per policy v3 §5)
IOCTL_STREAM_DEREFERENCE_REMOTE_PLUG	ms901896	Avc_stream.h	held	no official value published; R1 check not yet run (held per policy v3 §5)
IOCTL_STREAM_DETACH_BUFFER	ms901909	Avc_stream.h	held	no official value published; R1 check not yet run (held per policy v3 §5)
IOCTL_STREAM_GET_MEDIA_SIZE	ms901940	Avc_stream.h	held	no official value published; R1 check not yet run (held per policy v3 §5)
IOCTL_STREAM_GET_REMOTE_PLUG_HANDLE	ms902087	Avc_stream.h	held	no official value published; R1 check not yet run (held per policy v3 §5)
IOCTL_STREAM_LOCATE_REMOTE_PLUG	ms902094	Avc_stream.h	held	no official value published; R1 check not yet run (held per policy v3 §5)
IOCTL_STREAM_QUERY_BUFFER_STATE	ms902096	Avc_stream.h	held	no official value published; R1 check not yet run (held per policy v3 §5)
IOCTL_STREAM_SET_MEDIA_SIZE	ms902097	Avc_stream.h	held	no official value published; R1 check not yet run (held per policy v3 §5)
IOCTL_STREAM_START_RECV_SESSION	ms902098	Avc_stream.h	held	no official value published; R1 check not yet run (held per policy v3 §5)
IOCTL_STREAM_START_XMIT_SESSION	ms902099	Avc_stream.h	held	no official value published; R1 check not yet run (held per policy v3 §5)
IOCTL_STREAM_STOP_SESSION	ms902101	Avc_stream.h	held	no official value published; R1 check not yet run (held per policy v3 §5)
IOCTL_UNIT_ALLOCATE_LOCAL_PLUG	ms902102	Avc_unit.h	held	no official value published; R1 check not yet run (held per policy v3 §5)
IOCTL_UNIT_CONNECTION_REQUEST_PROCESSED	ms902103	Avc_unit.h	held	no official value published; R1 check not yet run (held per policy v3 §5)
IOCTL_UNIT_DEREFERENCE_CONNECTION_PLUG	ms902104	Avc_unit.h	held	no official value published; R1 check not yet run (held per policy v3 §5)
IOCTL_UNIT_DEREGISTER_SUBUNIT	ms902105	Avc_unit.h	held	no official value published; R1 check not yet run (held per policy v3 §5)
IOCTL_UNIT_DISCONNECTION_REQUEST_PROCESSED	ms902106	Avc_unit.h	held	no official value published; R1 check not yet run (held per policy v3 §5)
IOCTL_UNIT_FREE_LOCAL_PLUG	ms902107	Avc_unit.h	held	no official value published; R1 check not yet run (held per policy v3 §5)
IOCTL_UNIT_PROCESS_REGISTRY_PLUGS	ms902108	Avc_unit.h	held	no official value published; R1 check not yet run (held per policy v3 §5)
IOCTL_UNIT_QUERY_LOCAL_PLUGS	ms902109	Avc_unit.h	held	no official value published; R1 check not yet run (held per policy v3 §5)
IOCTL_UNIT_REGISTER_SUBUNIT	ms902110	Avc_unit.h	held	no official value published; R1 check not yet run (held per policy v3 §5)
IOCTL_VCR_AVCCMD	ms902112	Avc_vcr.h	held	no official value published; R1 check not yet run (held per policy v3 §5)
IOCTL_VVCR_COMPLETE	ms902113	Avc_vvcr.h	held	no official value published; R1 check not yet run (held per policy v3 §5)
IOCTL_VVCR_EVENT	ms902114	Avc_vvcr.h	held	no official value published; R1 check not yet run (held per policy v3 §5)
IOCTL_VVCR_QUERY_STATE	ms902116	Avc_vvcr.h	held	no official value published; R1 check not yet run (held per policy v3 §5)
IOCTL_VVCR_SET_MECHANISM_POSITION	ms902117	Avc_vvcr.h	held	no official value published; R1 check not yet run (held per policy v3 §5)
IOCTL_VVCR_SET_MECHANISM_STATE	ms902118	Avc_vvcr.h	held	no official value published; R1 check not yet run (held per policy v3 §5)
IOCTL_VVCR_SET_MECHANISM_TRACK_NUMBER	ms902119	Avc_vvcr.h	held	no official value published; R1 check not yet run (held per policy v3 §5)
InitObjType	aa514309	Cesync.h	held	no official value published; R1 check not yet run (held per policy v3 §5)
Install_Init	aa514314	Ce_setup.h	held	no official value published; R1 check not yet run (held per policy v3 §5)
LINELOCATIONOPTION	ms894385	Tapi.h	held	no official value published; R1 check not yet run (held per policy v3 §5)
LogConnectionCreation	ms886745	Natedit.h	held	no official value published; R1 check not yet run (held per policy v3 §5)
LogConnectionDeletion	ms886746	Natedit.h	held	no official value published; R1 check not yet run (held per policy v3 §5)
LogDroppedPacket	ms886747	Natedit.h	held	no official value published; R1 check not yet run (held per policy v3 §5)
LogInit	ms886748	Natedit.h	held	no official value published; R1 check not yet run (held per policy v3 §5)
OWAEC_E_	aa513745	IExchangeClient.h	held	no official value published; R1 check not yet run (held per policy v3 §5)
ObjectNotify	aa514415	Ceutil.h	held	no official value published; R1 check not yet run (held per policy v3 §5)
PHONE_BUTTON	ms895909	Tapi.h	held	no official value published; R1 check not yet run (held per policy v3 §5)
PHONE_CLOSE	ms895914	Tapi.h	held	no official value published; R1 check not yet run (held per policy v3 §5)
PHONE_CREATE	ms895917	Tapi.h	held	no official value published; R1 check not yet run (held per policy v3 §5)
PHONE_DEVSPECIFIC	ms895920	Tapi.h	held	no official value published; R1 check not yet run (held per policy v3 §5)
PHONE_REMOVE	ms895947	Tapi.h	held	no official value published; R1 check not yet run (held per policy v3 §5)
PHONE_STATE	ms896240	Tapi.h	held	no official value published; R1 check not yet run (held per policy v3 §5)
RAPIEXT	ms879801	Rapi.h	held	no official value published; R1 check not yet run (held per policy v3 §5)
RDF_CARD_EJECT	ms919721	Smclib.h	held	no official value published; R1 check not yet run (held per policy v3 §5)
RDF_CARD_POWER	ms919724	Smclib.h	held	no official value published; R1 check not yet run (held per policy v3 §5)
RDF_CARD_TRACKING	ms919728	Smclib.h	held	no official value published; R1 check not yet run (held per policy v3 §5)
RDF_IOCTL_VENDOR	ms919732	Smclib.h	held	no official value published; R1 check not yet run (held per policy v3 §5)
RDF_READER_SWALLOW	ms919736	Smclib.h	held	no official value published; R1 check not yet run (held per policy v3 §5)
RDF_SET_PROTOCOL	ms919740	Smclib.h	held	no official value published; R1 check not yet run (held per policy v3 §5)
RDF_TRANSMIT	ms919743	Smclib.h	held	no official value published; R1 check not yet run (held per policy v3 §5)
ReplDialogs	ms861001	Cesync.h	held	no official value published; R1 check not yet run (held per policy v3 §5)
SP_MAX_PRON_LENGTH	ms895608	Sapi.h	held	no official value published; R1 check not yet run (held per policy v3 §5)
SP_MAX_WORD_LENGTH	ms895652	Sapi.h	held	no official value published; R1 check not yet run (held per policy v3 §5)
Uninstall_Init	ms864576	Ce_setup.h	held	no official value published; R1 check not yet run (held per policy v3 §5)
VMS_	ms912596	Voipmanager.h	held	no official value published; R1 check not yet run (held per policy v3 §5)
WSACOMPLETION	ms898732	Winsock2.h	held	no official value published; R1 check not yet run (held per policy v3 §5)
MAX_WAP_ADDRESS_LENGTH	ee497374,ee497695,ee497490	Wap.h	held	no page prints a value, only uses it as an array bound (WAP_ADDRESS.ptsAddress[MAX_WAP_ADDRESS_LENGTH]); R1 check not yet run (held per policy v3 §5); found 2026-09-19, WAP_ADDRESS shipped as an opaque forward declaration in the meantime since every function takes it only by pointer
